Mole fraction ETHANOL,Temperature (K),Pressure (N/sqm),Thermal conductivity (Watt/m-K)
0.96,353.123,98100,0.0204
0.96,373.074,98100,0.0227
0.96,393.127,98100,0.025
0.96,413.132,98100,0.0276
0.96,433.138,98100,0.0301
0.96,453.145,98100,0.0326
0.96,473.153,98100,0.035
0.96,473.153,1961300,0.0404
0.96,493.161,98100,0.0379
0.96,493.161,1961300,0.0428
0.96,503.164,98100,0.0393
0.96,503.164,1961300,0.0441
0.96,503.164,4903300,0.0576
0.96,513.168,98100,0.0405
0.96,513.168,1961300,0.045
0.96,513.168,4903300,0.0564
0.96,523.171,98100,0.0422
0.96,523.171,1961300,0.0466
0.96,523.171,4903300,0.0561
0.96,533.174,98100,0.0437
0.96,533.174,1961300,0.048
0.96,533.174,4903300,0.0569
0.96,543.178,98100,0.045
0.96,543.178,1961300,0.0495
0.96,543.178,4903300,0.0579
0.96,553.18,98100,0.0469
0.96,553.18,1961300,0.0511
0.96,553.18,4903300,0.0591
0.96,563.182,98100,0.0484
0.96,563.182,1961300,0.0525
0.96,563.182,4903300,0.0602
0.96,573.184,98100,0.05
0.96,573.184,1961300,0.0541
0.96,573.184,4903300,0.0615
0.96,593.186,98100,0.0533
0.96,593.186,1961300,0.0575
0.96,593.186,4903300,0.0642
0.96,613.187,98100,0.0566
0.96,613.187,1961300,0.0607
0.96,613.187,4903300,0.0669
0.96,623.186,98100,0.0583
0.96,623.186,1961300,0.0623
0.96,623.186,4903300,0.0684
0.8764,353.123,98100,0.0204
0.8748,373.074,98100,0.0227
0.8729,393.127,98100,0.025
0.8708,413.132,98100,0.0276
0.8679,433.138,98100,0.0301
0.8641,453.145,98100,0.0326
0.8581,473.153,98100,0.035
0.8581,473.153,1961300,0.0404
0.8473,493.161,98100,0.0379
0.8473,493.161,1961300,0.0428
0.8368,503.164,98100,0.0393
0.8368,503.164,1961300,0.0441
0.8368,503.164,4903300,0.0576
0.8061,513.168,98100,0.0405
0.8061,513.168,1961300,0.045
0.8061,513.168,4903300,0.0564
0.94,213.196,101325,0.1954
0.98,213.196,101325,0.1907
0.65,233.182,101325,0.2721
0.8,233.182,101325,0.2221
0.94,233.182,101325,0.1931
0.98,233.182,101325,0.1849
0.38,253.166,101325,0.3698
0.5,253.166,101325,0.328
0.65,253.166,101325,0.2756
0.8,253.166,101325,0.2233
0.94,253.166,101325,0.1896
0.98,253.166,101325,0.1803
0.25,273.15,101325,0.4338
0.38,273.15,101325,0.3815
0.5,273.15,101325,0.3349
0.65,273.15,101325,0.2791
0.8,273.15,101325,0.2245
0.94,273.15,101325,0.1861
0.98,273.15,101325,0.1756
0.25,293.138,101325,0.4547
0.38,293.138,101325,0.3931
0.5,293.138,101325,0.3419
0.65,293.138,101325,0.2838
0.8,293.138,101325,0.2256
0.94,293.138,101325,0.1838
0.98,293.138,101325,0.171
0.25,313.13,101325,0.4757
0.38,313.13,101325,0.4047
0.5,313.13,101325,0.3477
0.65,313.13,101325,0.2873
0.8,313.13,101325,0.2256
0.94,313.13,101325,0.1803
0.98,313.13,101325,0.1663
0.25,333.124,101325,0.4978
0.38,333.124,101325,0.4164
0.5,333.124,101325,0.3547
0.65,333.124,101325,0.2908
0.8,333.124,101325,0.2268
0.94,333.124,101325,0.1779
0.98,333.124,101325,0.1605
0,273.15,101325,0.5513
1,213.196,101325,0.1849
0.25,281.3486,101000,0.451
0.25,296.2448,101000,0.4663
0.25,306.3421,101000,0.4828
0.25,310.6408,101000,0.4853
0.25,324.8365,101000,0.4902
0.25,339.4331,101000,0.4973
0.25,349.3302,101000,0.4992
0.25,355.5283,101000,0.499
0.5,278.5492,101000,0.3452
0.5,292.4455,101000,0.3516
0.5,305.0425,101000,0.3573
0.5,319.988,101000,0.3654
0.5,334.7341,101000,0.3673
0.5,350.2299,101000,0.3664
0.77,277.1494,101000,0.2531
0.77,292.9454,101000,0.2537
0.77,307.2418,101000,0.2534
0.77,321.8374,101000,0.2526
0.77,337.1336,101000,0.2507
0.96,306.1422,101000,0.192
0.96,297.9444,101000,0.1852
0.96,317.4388,101000,0.1796
0.96,335.234,101000,0.1744
0.96,345.1315,101000,0.1716
1,286.1422,101325,0.1768
0.61,286.1422,101325,0.2198
0.3697,286.1422,101325,0.2791
0.2068,286.1422,101325,0.3745
0.0891,286.1422,101325,0.478
0,286.1422,101325,0.5873
0.2811,284.1434,101000,0.33
0.2811,297.1364,101000,0.34
0.2811,297.1364,101000,0.34
0.2811,298.136,101000,0.34
0.2811,320.1279,101000,0.29
0,284.1434,101000,0.624
0.1153,282.0946,101000,0.448
0.1153,283.094,101000,0.435
0.2811,284.1434,101000,0.33
0.5398,285.1428,101000,0.25
1,283.094,101000,0.2
0,283.144,101325,0.5774
0.0202,283.144,101325,0.5481
0.0202,293.138,101325,0.5648
0.0202,303.134,101325,0.5816
0.0202,313.13,101325,0.5941
0.0202,323.127,101325,0.6067
0.0202,333.124,101325,0.6234
0.0416,283.144,101325,0.523
0.0416,293.138,101325,0.5356
0.0416,303.134,101325,0.5523
0.0416,313.13,101325,0.5648
0.0416,323.127,101325,0.5774
0.0416,333.124,101325,0.5899
0.0646,283.144,101325,0.4979
0.0646,293.138,101325,0.5105
0.0646,303.134,101325,0.523
0.0646,313.13,101325,0.5356
0.0646,323.127,101325,0.5439
0.0646,333.124,101325,0.5565
0.0891,283.144,101325,0.4728
0.0891,293.138,101325,0.4853
0.0891,303.134,101325,0.4979
0.0891,313.13,101325,0.5063
0.0891,323.127,101325,0.5146
0.0891,333.124,101325,0.5272
0.1153,283.144,101325,0.4519
0.1153,293.138,101325,0.4602
0.1153,303.134,101325,0.4686
0.1153,313.13,101325,0.477
0.1153,323.127,101325,0.4853
0.1153,333.124,101325,0.4937
0.1435,283.144,101325,0.4268
0.1435,293.138,101325,0.4351
0.1435,303.134,101325,0.4435
0.1435,313.13,101325,0.4477
0.1435,323.127,101325,0.4561
0.1435,333.124,101325,0.4602
0.1739,283.144,101325,0.4059
0.1739,293.138,101325,0.41
0.1739,303.134,101325,0.4142
0.1739,313.13,101325,0.4226
0.1739,323.127,101325,0.4268
0.1739,333.124,101325,0.431
0.2068,283.144,101325,0.3849
0.2068,293.138,101325,0.3891
0.2068,303.134,101325,0.3891
0.2068,313.13,101325,0.3933
0.2068,323.127,101325,0.3975
0.2068,333.124,101325,0.4017
0.2424,283.144,101325,0.364
0.2424,293.138,101325,0.364
0.2424,303.134,101325,0.3682
0.2424,313.13,101325,0.3682
0.2424,323.127,101325,0.3724
0.2424,333.124,101325,0.3724
0.2811,283.144,101325,0.3431
0.2811,293.138,101325,0.3431
0.2811,303.134,101325,0.3473
0.2811,313.13,101325,0.3473
0.2811,323.127,101325,0.3473
0.2811,333.124,101325,0.3473
0.3234,283.144,101325,0.3264
0.3234,293.138,101325,0.3222
0.3234,303.134,101325,0.3222
0.3234,313.13,101325,0.3222
0.3234,323.127,101325,0.3222
0.3234,333.124,101325,0.3222
0.3697,283.144,101325,0.3054
0.3697,293.138,101325,0.3054
0.3697,303.134,101325,0.3013
0.3697,313.13,101325,0.3013
0.3697,323.127,101325,0.3013
0.3697,333.124,101325,0.2971
0.4207,283.144,101325,0.2887
0.4207,293.138,101325,0.2845
0.4207,303.134,101325,0.2845
0.4207,313.13,101325,0.2803
0.4207,323.127,101325,0.2761
0.4207,333.124,101325,0.2761
0.4771,283.144,101325,0.272
0.4771,293.138,101325,0.2678
0.4771,303.134,101325,0.2636
0.4771,313.13,101325,0.2594
0.4771,323.127,101325,0.2552
0.4771,333.124,101325,0.251
0.5398,283.144,101325,0.2594
0.5398,293.138,101325,0.2552
0.5398,303.134,101325,0.2469
0.5398,313.13,101325,0.2427
0.5398,323.127,101325,0.2385
0.5398,333.124,101325,0.2343
0.61,283.144,101325,0.2427
0.61,293.138,101325,0.2385
0.61,303.134,101325,0.2301
0.61,313.13,101325,0.2259
0.61,323.127,101325,0.2176
0.61,333.124,101325,0.2134
0.689,283.144,101325,0.2301
0.689,293.138,101325,0.2218
0.689,303.134,101325,0.2134
0.689,313.13,101325,0.2092
0.689,323.127,101325,0.2008
0.689,333.124,101325,0.1925
0.7787,283.144,101325,0.2176
0.7787,293.138,101325,0.2092
0.7787,303.134,101325,0.2008
0.7787,313.13,101325,0.1925
0.7787,323.127,101325,0.1841
0.7787,333.124,101325,0.1757
0.8814,283.144,101325,0.205
0.8814,293.138,101325,0.1967
0.8814,303.134,101325,0.1841
0.8814,313.13,101325,0.1757
0.8814,323.127,101325,0.1674
0.8814,333.124,101325,0.159
1,283.144,101325,0.1925
0.3697,233.182,101325,0.2695
0.4771,233.182,101325,0.2418
0.61,233.182,101325,0.2197
0.7787,233.182,101325,0.2021
1,233.182,101325,0.187
0.1435,253.166,101325,0.3837
0.2068,253.166,101325,0.3427
0.2811,253.166,101325,0.3046
0.3697,253.166,101325,0.2732
0.4771,253.166,101325,0.2418
0.61,253.166,101325,0.2172
0.7787,253.166,101325,0.1975
0,273.15,101325,0.5648
0.0416,273.15,101325,0.5063
0.0891,273.15,101325,0.4477
0.1435,273.15,101325,0.3975
0.2068,273.15,101325,0.351
0.2811,273.15,101325,0.3105
0.3697,273.15,101325,0.2753
0.4771,273.15,101325,0.2418
0.61,273.15,101325,0.2163
0.7787,273.15,101325,0.1929
0.0416,293.138,101325,0.5314
0.0891,293.138,101325,0.4686
0.1435,293.138,101325,0.4113
0.2068,293.138,101325,0.3602
0.2811,293.138,101325,0.3163
0.3697,293.138,101325,0.2778
0.4771,293.138,101325,0.2418
0.61,293.138,101325,0.2138
0.7787,293.138,101325,0.1883
0.0416,313.13,101325,0.5523
0.0891,313.13,101325,0.4853
0.1435,313.13,101325,0.4226
0.2068,313.13,101325,0.3686
0.2811,313.13,101325,0.3209
0.3697,313.13,101325,0.2799
0.4771,313.13,101325,0.2418
0.61,313.13,101325,0.2117
0.7787,313.13,101325,0.1837
0.0416,333.124,101325,0.5732
0.0891,333.124,101325,0.5021
0.1435,333.124,101325,0.4351
0.2068,333.124,101325,0.3753
0.2811,333.124,101325,0.3255
0.3697,333.124,101325,0.2837
0.4771,333.124,101325,0.2418
0.61,333.124,101325,0.2092
0.7787,333.124,101325,0.1791
0.0416,353.123,101325,0.5899
0.0891,353.123,101325,0.5146
0.1435,353.123,101325,0.4477
0.2068,353.123,101325,0.3812
0.2811,353.123,101325,0.3301
0.3697,353.123,101325,0.2858
0.4771,353.123,101325,0.2418
0.61,353.123,101325,0.2067
0.7787,353.123,101325,0.1745
0,277.1476,101325,0.5648
0.016,277.1476,101325,0.5397
0.0606,277.1476,101325,0.477
0.1371,277.1476,101325,0.4017
0.1657,253.166,101325,0.3698
0.2447,253.166,101325,0.328
0.3757,253.166,101325,0.2756
0.5645,253.166,101325,0.2233
0.8354,253.166,101325,0.1896
0.9408,253.166,101325,0.1803
0.0951,273.15,101325,0.4338
0.162,273.15,101325,0.3815
0.2398,273.15,101325,0.3349
0.3694,273.15,101325,0.2791
0.5578,273.15,101325,0.2245
0.8317,273.15,101325,0.1861
0.9392,273.15,101325,0.1756
0.0934,293.138,101325,0.4547
0.1593,293.138,101325,0.3931
0.2362,293.138,101325,0.3419
0.3648,293.138,101325,0.2838
0.553,293.138,101325,0.2256
0.8289,293.138,101325,0.1838
0.9381,293.138,101325,0.171
0.0921,313.13,101325,0.4757
0.1572,313.13,101325,0.4047
0.2333,313.13,101325,0.3477
0.3611,313.13,101325,0.2873
0.549,313.13,101325,0.2256
0.8266,313.13,101325,0.1803
0.9371,313.13,101325,0.1663
0.0909,333.124,101325,0.4978
0.1553,333.124,101325,0.4164
0.2307,333.124,101325,0.3547
0.3577,333.124,101325,0.2908
0.5454,333.124,101325,0.2268
0.8245,333.124,101325,0.1779
0.9363,333.124,101325,0.1605
0,273.15,101325,0.5513
1,253.166,101325,0.1745
0.8409,213.196,101325,0.1954
0.943,213.196,101325,0.1907
0.3791,233.182,101325,0.2721
0.568,233.182,101325,0.2221
0.8374,233.182,101325,0.1931
0.9415,233.182,101325,0.1849
0.1645,253.166,101325,0.3698
0.2432,253.166,101325,0.328
0.3737,253.166,101325,0.2756
0.5624,253.166,101325,0.2233
0.8343,253.166,101325,0.1896
0.9403,253.166,101325,0.1803
0.095,273.15,101325,0.4338
0.1618,273.15,101325,0.3815
0.2395,273.15,101325,0.3349
0.369,273.15,101325,0.2791
0.5575,273.15,101325,0.2245
0.8315,273.15,101325,0.1861
0.9391,273.15,101325,0.1756
0.0935,293.138,101325,0.4547
0.1594,293.138,101325,0.3931
0.2363,293.138,101325,0.3419
0.3649,293.138,101325,0.2838
0.5531,293.138,101325,0.2256
0.829,293.138,101325,0.1838
0.9381,293.138,101325,0.171
0.0921,313.13,101325,0.4757
0.1572,313.13,101325,0.4047
0.2334,313.13,101325,0.3477
0.3611,313.13,101325,0.2873
0.5491,313.13,101325,0.2256
0.8267,313.13,101325,0.1803
0.9372,313.13,101325,0.1663
0.0909,333.124,101325,0.4978
0.1552,333.124,101325,0.4164
0.2307,333.124,101325,0.3547
0.3577,333.124,101325,0.2908
0.5453,333.124,101325,0.2268
0.8245,333.124,101325,0.1779
0.9363,333.124,101325,0.1605
0.8597,213.196,101325,0.1954
0.9504,213.196,101325,0.1908
1,213.196,101325,0.1849
0.4207,233.182,101325,0.272
0.61,233.182,101325,0.2222
0.8597,233.182,101325,0.1929
0.9504,233.182,101325,0.1849
0.1435,253.166,101325,0.3694
0.2811,253.166,101325,0.3276
0.4207,253.166,101325,0.2753
0.61,253.166,101325,0.223
0.8597,253.166,101325,0.1895
0.9504,253.166,101325,0.1803
0,273.15,101325,0.5523
0.1153,273.15,101325,0.4351
0.1435,273.15,101325,0.3812
0.2811,273.15,101325,0.3347
0.4207,273.15,101325,0.2791
0.61,273.15,101325,0.2243
0.8597,273.15,101325,0.1858
0.9504,273.15,101325,0.1753
0.1153,293.138,101325,0.4561
0.1435,293.138,101325,0.3929
0.2811,293.138,101325,0.3418
0.4207,293.138,101325,0.2837
0.61,293.138,101325,0.2255
0.8597,293.138,101325,0.1837
0.9504,293.138,101325,0.1707
0.1153,313.13,101325,0.477
0.1435,313.13,101325,0.4046
0.2811,313.13,101325,0.3477
0.4207,313.13,101325,0.287
0.61,313.13,101325,0.2255
0.8597,313.13,101325,0.1803
0.9504,313.13,101325,0.172
0.1153,333.124,101325,0.4979
0.1435,333.124,101325,0.4159
0.2811,333.124,101325,0.3544
0.4207,333.124,101325,0.2904
0.61,333.124,101325,0.2268
0.8597,333.124,101325,0.1778
0.9504,333.124,101325,0.1602
1,293.138,101325,0.145
0.4964,293.138,101325,0.186
0.4596,293.138,101325,0.215
0.335,293.138,101325,0.254
0.1765,293.138,101325,0.325
0.1349,293.138,101325,0.358
0.0674,293.138,101325,0.415
0,293.138,101325,0.515
0.4964,303.134,101325,0.185
0.4596,303.134,101325,0.216
0.335,303.134,101325,0.257
0.1765,303.134,101325,0.335
0.1349,303.134,101325,0.367
0.0674,303.134,101325,0.426
0.4964,323.127,101325,0.183
0.4596,323.127,101325,0.219
0.335,323.127,101325,0.264
0.1765,323.127,101325,0.348
0.1349,323.127,101325,0.381
0.0674,323.127,101325,0.448
0.4964,343.124,101325,0.181
0.4596,343.124,101325,0.22
0.335,343.124,101325,0.27
0.1765,343.124,101325,0.361
0.1349,343.124,101325,0.4
0.0674,343.124,101325,0.469
0.1765,353.123,101325,0.367
0.1349,353.123,101325,0.406
0.0674,353.123,101325,0.479
1,273.1,101000,0.174
0.61,273.1,101000,0.216
0.3697,273.1,101000,0.276
0.2068,273.1,101000,0.351
0.0891,273.1,101000,0.449
0,273.1,101000,0.565
0.61,293.138,101000,0.214
0.3697,293.138,101000,0.278
0.2068,293.138,101000,0.361
0.0891,293.138,101000,0.468
0.61,313.13,101000,0.212
0.3697,313.13,101000,0.28
0.2068,313.13,101000,0.369
0.0891,313.13,101000,0.486
0.61,333.124,101000,0.209
0.3697,333.124,101000,0.284
0.2068,333.124,101000,0.376
0.0891,333.124,101000,0.502
0.61,353.123,101000,0.207
0.3697,353.123,101000,0.286
0.2068,353.123,101000,0.382
0.0891,353.123,101000,0.515
0.5398,293.138,101000,0.229
0.5398,313.13,101000,0.231
0.5398,333.124,101000,0.232
0.2811,293.138,101000,0.319
0.2811,313.13,101000,0.326
0.2811,333.124,101000,0.331
0.1153,293.138,101000,0.439
0.1153,313.13,101000,0.459
0.1153,333.124,101000,0.477
0.0944,281.3486,101000,0.451
0.0932,296.2448,101000,0.4663
0.0925,306.3421,101000,0.4828
0.0922,310.6408,101000,0.4853
0.0914,324.8365,101000,0.4902
0.0905,339.4331,101000,0.4973
0.0899,349.3302,101000,0.4992
0.0896,355.5283,101000,0.499
0.2387,278.5492,101000,0.3452
0.2363,292.4455,101000,0.3516
0.2344,305.0425,101000,0.3573
0.2324,319.988,101000,0.3654
0.2305,334.7341,101000,0.3673
0.2286,350.2299,101000,0.3664
0.5125,277.1494,101000,0.2531
0.5087,292.9454,101000,0.2537
0.5058,307.2418,101000,0.2534
0.503,321.8374,101000,0.2526
0.5003,337.1336,101000,0.2507
0.8801,306.1422,101000,0.192
0.8808,297.9444,101000,0.1852
0.8792,317.4388,101000,0.1796
0.8779,335.234,101000,0.1744
0.8771,345.1315,101000,0.1716
0.0944,281.3486,101000,0.451
0.0933,296.2448,101000,0.4663
0.0926,306.3421,101000,0.4828
0.0923,310.6408,101000,0.4853
0.0914,324.8365,101000,0.4902
0.0905,339.4331,101000,0.4973
0.0899,349.3302,101000,0.4992
0.0895,355.5283,101000,0.499
0.2386,278.5492,101000,0.3452
0.2364,292.4455,101000,0.3516
0.2345,305.0425,101000,0.3573
0.2324,319.988,101000,0.3654
0.2305,334.7341,101000,0.3673
0.2285,350.2299,101000,0.3664
0.5123,277.1494,101000,0.2531
0.5088,292.9454,101000,0.2537
0.5059,307.2418,101000,0.2534
0.5031,321.8374,101000,0.2526
0.5002,337.1336,101000,0.2507
0.8802,306.1422,101000,0.192
0.8809,297.9444,101000,0.1852
0.8792,317.4388,101000,0.1796
0.8778,335.234,101000,0.1744
0.877,345.1315,101000,0.1716
0.8612,360.127,22700000,0.1726
0.8612,360.127,29520000,0.1736
0.8612,360.227,7450000,0.1617
0.8612,360.3269,600000,0.1576
0.8612,364.1262,600000,0.1578
0.8612,364.1262,7450000,0.1617
0.8612,364.1262,14950000,0.1656
0.8612,364.1262,22460000,0.1695
0.8612,364.1262,29520000,0.1731
0.8612,411.6167,22220000,0.1627
0.8612,411.6167,29380000,0.1665
0.8612,411.7167,14810000,0.1583
0.8612,411.8166,7520000,0.1535
0.8612,411.9166,1000000,0.149
0.8612,415.5159,7320000,0.1535
0.8612,415.5159,14920000,0.1584
0.8612,415.5159,22220000,0.1626
0.8612,415.5159,29120000,0.1664
0.8612,415.6159,1000000,0.1491
0.8612,454.911,22290000,0.1564
0.8612,454.911,29310000,0.16
0.8612,455.011,14810000,0.1509
0.8612,455.111,7450000,0.1453
0.8612,455.211,2650000,0.1413
0.8612,457.711,14950000,0.1517
0.8612,457.711,22290000,0.1563
0.8612,457.811,7510000,0.146
0.8612,457.811,29110000,0.1604
0.8612,489.51,22190000,0.1502
0.8612,489.51,29380000,0.155
0.8612,489.71,7690000,0.139
0.8612,489.71,14810000,0.1446
0.8612,492.91,14850000,0.1456
0.8612,492.91,22360000,0.1509
0.8612,492.91,29330000,0.1554
0.8612,519.61,29400000,0.1499
0.8612,519.71,22220000,0.1436
0.8612,519.91,14800000,0.136
0.8612,521.91,29360000,0.1492
0.8612,523.61,22290000,0.1429
0.8612,523.61,29360000,0.1486
0.8612,523.71,14880000,0.1371
0.8612,559.811,29380000,0.1396
0.8612,562.811,29380000,0.14
0.2835,404.5181,15080000,0.3296
0.2835,404.5181,22360000,0.3362
0.2835,404.6181,28930000,0.3412
0.2835,442.1118,22220000,0.3277
0.2835,442.1118,29520000,0.3341
0.2835,442.2118,15080000,0.3204
0.2835,442.4118,7610000,0.3129
0.2835,444.4116,7520000,0.3135
0.2835,444.4116,15080000,0.3212
0.2835,444.4116,22360000,0.3282
0.2835,444.5115,29520000,0.3353
0.2835,490.31,22220000,0.311
0.2835,490.31,29380000,0.3184
0.2835,490.41,15080000,0.303
0.2835,490.51,7520000,0.2948
0.2835,492.31,7520000,0.2948
0.2835,492.31,15220000,0.3038
0.2835,492.41,22340000,0.3116
0.2835,492.51,29380000,0.3187
0.2835,519.11,29520000,0.3035
0.2835,519.21,22220000,0.2953
0.2835,519.31,13920000,0.2857
0.2835,519.31,15070000,0.2877
0.2835,519.61,7450000,0.2788
0.2835,521.31,7550000,0.2796
0.2835,521.31,15080000,0.2889
0.2835,521.31,22360000,0.2974
0.2835,521.41,29380000,0.3055
0.2835,544.411,29130000,0.2937
0.2835,544.511,22220000,0.2844
0.2835,544.611,15080000,0.2738
0.2835,573.811,28860000,0.2721
0.2835,573.911,22220000,0.2627
0.2835,576.011,22360000,0.2637
0.2835,576.011,28860000,0.2728
0.5478,302.9431,22220000,0.2348
0.5478,302.9431,29520000,0.2394
0.5478,303.0431,100000,0.2192
0.5478,303.0431,7520000,0.2242
0.5478,303.0431,15000000,0.2302
0.5478,306.642,21950000,0.2343
0.5478,306.642,29520000,0.2392
0.5478,306.742,15180000,0.2297
0.5478,306.8419,7650000,0.2236
0.5478,306.9419,100000,0.2188
0.5478,363.0264,3400000,0.2142
0.5478,363.0264,7720000,0.2173
0.5478,363.0264,14950000,0.2229
0.5478,363.0264,22220000,0.2278
0.5478,363.0264,29520000,0.2329
0.1156,301.6435,22260000,0.4642
0.1156,301.6435,27880000,0.4681
0.1156,301.6435,29520000,0.4701
0.1156,301.7435,14870000,0.4569
0.1156,301.8434,7590000,0.448
0.1156,302.0434,100000,0.4404
0.1156,305.3424,7520000,0.449
0.1156,305.3424,14830000,0.4594
0.1156,305.3424,29520000,0.4732
0.1156,306.542,100000,0.4444
0.1156,306.542,3820000,0.4464
0.1156,306.542,7550000,0.4522
0.1156,306.742,14880000,0.4601
0.1156,306.8419,22220000,0.4667
0.1156,357.1279,14970000,0.4835
0.1156,357.1279,22350000,0.4906
0.1156,357.1279,29520000,0.4966
0.1156,357.2278,500000,0.4666
0.1156,357.2278,7550000,0.4735
0.1156,359.3272,500000,0.4684
0.1156,359.4272,7730000,0.4746
0.1156,359.5271,29380000,0.4972
0.1156,359.6271,14980000,0.4847
0.1156,359.6271,22460000,0.4921
0.1156,400.119,14990000,0.4865
0.1156,400.119,22310000,0.4943
0.1156,400.119,29520000,0.5
0.1156,400.219,1570000,0.4716
0.1156,400.219,7620000,0.4769
0.1156,402.9184,1010000,0.4723
0.1156,403.0184,7520000,0.4774
0.1156,403.0184,14880000,0.4862
0.1156,403.1184,22610000,0.4944
0.1156,403.2184,29520000,0.5
0.1156,427.6135,1800000,0.4675
0.1156,427.6135,7670000,0.4734
0.1156,427.6135,14830000,0.482
0.1156,427.6135,22220000,0.4901
0.1156,427.6135,29520000,0.4961
0.1156,429.7131,7630000,0.4734
0.1156,429.7131,14900000,0.4819
0.1156,429.813,22380000,0.4897
0.1156,429.813,29520000,0.4957
0.1156,470.11,7760000,0.4581
0.1156,470.11,14850000,0.467
0.1156,470.11,22160000,0.4757
0.1156,470.11,29520000,0.4826
0.1156,472.21,7450000,0.4587
0.1156,472.21,14970000,0.4665
0.1156,472.31,22410000,0.4754
0.1156,472.31,29380000,0.4823
0.1156,508.71,7710000,0.4349
0.1156,508.71,14870000,0.4439
0.1156,508.71,22180000,0.4533
0.1156,508.71,29520000,0.4623
0.1156,510.71,7590000,0.4343
0.5478,366.2258,29520000,0.2332
0.5478,366.3257,21950000,0.228
0.5478,366.4257,14810000,0.2227
0.5478,413.1164,21950000,0.2224
0.5478,413.1164,29520000,0.2274
0.5478,413.3163,7650000,0.2102
0.5478,413.3163,14950000,0.2165
0.5478,455.311,29520000,0.219
0.5478,455.411,14950000,0.2064
0.5478,455.411,22220000,0.2124
0.5478,455.511,7650000,0.2003
0.5478,458.111,29520000,0.2193
0.5478,458.311,21950000,0.2135
0.5478,458.411,7650000,0.2001
0.5478,458.411,13630000,0.2059
0.5478,458.411,14950000,0.2073
0.5478,494.01,29520000,0.2092
0.5478,494.21,7720000,0.1904
0.5478,494.21,14950000,0.1978
0.5478,494.21,21950000,0.2035
0.5478,496.41,29520000,0.2104
0.5478,496.51,22080000,0.2049
0.5478,496.61,7650000,0.1912
0.5478,496.61,15080000,0.1982
0.5478,526.51,15140000,0.1858
0.5478,526.51,22280000,0.1926
0.5478,526.51,29520000,0.1988
0.5478,528.71,15140000,0.1871
0.5478,528.71,22380000,0.194
0.5478,528.71,29520000,0.2004
0.5478,570.311,22060000,0.1791
0.5478,570.411,24610000,0.1806
0.5478,570.411,28550000,0.1849
0.8612,298.2444,14810000,0.177
0.8612,298.2444,22160000,0.1802
0.8612,298.2444,29520000,0.1836
0.8612,298.4443,100000,0.171
0.8612,298.4443,7450000,0.1737
0.8612,302.7432,100000,0.1704
0.8612,302.9431,7450000,0.1736
0.8612,302.9431,14950000,0.1768
0.8612,303.0431,19250000,0.1789
0.8612,303.0431,22220000,0.18
0.8612,303.0431,26060000,0.1822
0.8612,303.0431,29520000,0.183
0.8612,360.127,14850000,0.1659
0.8612,360.127,22460000,0.1698
0.1156,510.81,14870000,0.4435
0.1156,510.81,22230000,0.4528
0.1156,510.81,29380000,0.4618
0.1156,538.7109,7730000,0.4087
0.1156,538.7109,14870000,0.4215
0.1156,538.7109,22340000,0.4333
0.1156,538.9109,29520000,0.441
0.1156,540.911,7850000,0.4085
0.1156,540.911,14990000,0.421
0.1156,540.911,22340000,0.4319
0.1156,540.911,29380000,0.4413
0.1156,572.711,22320000,0.3982
0.1156,572.711,29520000,0.4103
0.1156,572.811,11900000,0.3765
0.1156,572.811,14980000,0.3838
0.1156,574.211,11870000,0.3779
0.1156,574.311,14910000,0.3837
0.1156,574.311,22990000,0.3976
0.1156,574.411,29800000,0.4098
0.2835,303.6429,100000,0.3123
0.2835,303.6429,15080000,0.3275
0.2835,303.6429,22220000,0.3354
0.2835,303.8428,13630000,0.3255
0.2835,303.9428,1000000,0.3137
0.2835,304.0428,7810000,0.32
0.2835,304.0428,26440000,0.3379
0.2835,304.0428,29520000,0.3408
0.2835,307.9416,7520000,0.3202
0.2835,308.0416,14950000,0.3284
0.2835,308.0416,29520000,0.3406
0.2835,308.6414,100000,0.3142
0.2835,308.6414,22220000,0.3352
0.2835,308.7414,15080000,0.3278
0.2835,360.8268,22220000,0.3402
0.2835,360.8268,27620000,0.3429
0.2835,360.8268,29520000,0.3454
0.2835,360.8268,75200000,0.3264
0.2835,364.2262,7550000,0.3246
0.2835,364.2262,15080000,0.3322
0.2835,364.2262,22220000,0.3388
0.2835,364.2262,27750000,0.3423
0.2835,364.2262,29380000,0.3445
0.2835,400.4189,7550000,0.3205
0.2835,401.6187,7550000,0.3206
0.2835,401.6187,15080000,0.3286
0.2835,401.6187,22220000,0.3353
0.2835,401.6187,28930000,0.3408
0.2835,404.4181,7520000,0.322
0.0891,273.1,100000,0.4471
0.0891,273.1,5000000,0.4528
0.0891,273.1,10000000,0.4582
0.0891,273.1,15000000,0.4634
0.0891,273.1,20000000,0.4682
0.0891,273.1,25000000,0.4727
0.0891,273.1,30000000,0.477
0.2068,273.1,100000,0.3485
0.2068,273.1,5000000,0.3542
0.2068,273.1,10000000,0.3597
0.2068,273.1,15000000,0.3649
0.2068,273.1,20000000,0.3697
0.2068,273.1,25000000,0.3741
0.2068,273.1,30000000,0.378
0.3697,273.1,100000,0.271
0.3697,273.1,5000000,0.2756
0.3697,273.1,10000000,0.2801
0.3697,273.1,15000000,0.2846
0.3697,273.1,20000000,0.2887
0.3697,273.1,25000000,0.2925
0.3697,273.1,30000000,0.2959
0.61,273.1,100000,0.2114
0.61,273.1,5000000,0.2148
0.61,273.1,10000000,0.218
0.61,273.1,15000000,0.2213
0.61,273.1,20000000,0.2244
0.61,273.1,25000000,0.227
0.61,273.1,30000000,0.2295
0.8597,273.1,100000,0.1792
0.8597,273.1,5000000,0.1817
0.8597,273.1,10000000,0.1842
0.8597,273.1,15000000,0.1865
0.8597,273.1,20000000,0.1896
0.8597,273.1,25000000,0.1906
0.8597,273.1,30000000,0.1925
1,273.1,100000,0.1686
0.0891,293.1454,100000,0.4678
0.0891,293.1454,5000000,0.4736
0.0891,293.1454,10000000,0.4793
0.0891,293.1454,15000000,0.4848
0.0891,293.1454,20000000,0.4898
0.0891,293.1454,25000000,0.4941
0.0891,293.1454,30000000,0.4983
0.2068,293.1454,100000,0.3589
0.2068,293.1454,5000000,0.3644
0.2068,293.1454,10000000,0.37
0.2068,293.1454,15000000,0.3755
0.2068,293.1454,20000000,0.3805
0.2068,293.1454,25000000,0.3848
0.2068,293.1454,30000000,0.3886
0.3697,293.1454,100000,0.2735
0.3697,293.1454,5000000,0.2778
0.3697,293.1454,10000000,0.2824
0.3697,293.1454,15000000,0.287
0.3697,293.1454,20000000,0.2912
0.3697,293.1454,25000000,0.295
0.3697,293.1454,30000000,0.2986
0.61,293.1454,100000,0.2085
0.61,293.1454,5000000,0.2117
0.61,293.1454,10000000,0.215
0.61,293.1454,15000000,0.2182
0.61,293.1454,20000000,0.2213
0.61,293.1454,25000000,0.2242
0.61,293.1454,30000000,0.2268
0.8597,293.1454,100000,0.1735
0.8597,293.1454,5000000,0.1764
0.8597,293.1454,10000000,0.179
0.8597,293.1454,15000000,0.1814
0.8597,293.1454,20000000,0.1836
0.8597,293.1454,25000000,0.1857
0.8597,293.1454,30000000,0.1877
0.0891,313.1401,100000,0.4835
0.0891,313.1401,5000000,0.4893
0.0891,313.1401,10000000,0.4951
0.0891,313.1401,15000000,0.5006
0.0891,313.1401,20000000,0.5056
0.0891,313.1401,25000000,0.5099
0.0891,313.1401,30000000,0.514
0.2068,313.1401,100000,0.3657
0.2068,313.1401,5000000,0.3713
0.2068,313.1401,10000000,0.3769
0.2068,313.1401,15000000,0.3825
0.2068,313.1401,20000000,0.3876
0.2068,313.1401,25000000,0.3918
0.2068,313.1401,30000000,0.3956
0.3697,313.1401,100000,0.2743
0.3697,313.1401,5000000,0.2786
0.3697,313.1401,10000000,0.2832
0.3697,313.1401,15000000,0.2879
0.3697,313.1401,20000000,0.2922
0.3697,313.1401,25000000,0.2961
0.3697,313.1401,30000000,0.2995
0.61,313.1401,100000,0.2054
0.61,313.1401,5000000,0.2086
0.61,313.1401,10000000,0.2119
0.61,313.1401,15000000,0.2152
0.61,313.1401,20000000,0.2184
0.61,313.1401,25000000,0.2214
0.61,313.1401,30000000,0.2241
0.8597,313.1401,100000,0.1685
0.8597,313.1401,5000000,0.1714
0.8597,313.1401,10000000,0.1741
0.8597,313.1401,15000000,0.1766
0.8597,313.1401,20000000,0.1789
0.8597,313.1401,25000000,0.1812
0.8597,313.1401,30000000,0.1833
0.0891,333.1344,100000,0.4952
0.0891,333.1344,5000000,0.5009
0.0891,333.1344,10000000,0.5066
0.0891,333.1344,15000000,0.512
0.0891,333.1344,20000000,0.517
0.0891,333.1344,25000000,0.5213
0.0891,333.1344,30000000,0.5254
0.2068,333.1344,100000,0.3702
0.2068,333.1344,5000000,0.3757
0.2068,333.1344,10000000,0.3813
0.2068,333.1344,15000000,0.3869
0.2068,333.1344,20000000,0.392
0.2068,333.1344,25000000,0.3964
0.2068,333.1344,30000000,0.4001
0.3697,333.1344,100000,0.274
0.3697,333.1344,5000000,0.2783
0.3697,333.1344,10000000,0.2829
0.3697,333.1344,15000000,0.2876
0.3697,333.1344,20000000,0.292
0.3697,333.1344,25000000,0.296
0.3697,333.1344,30000000,0.2994
0.61,333.1344,100000,0.2021
0.61,333.1344,5000000,0.2053
0.61,333.1344,10000000,0.2086
0.61,333.1344,15000000,0.212
0.61,333.1344,20000000,0.2154
0.61,333.1344,25000000,0.2184
0.61,333.1344,30000000,0.2212
0.8597,333.1344,100000,0.1638
0.8597,333.1344,5000000,0.1667
0.8597,333.1344,10000000,0.1695
0.8597,333.1344,15000000,0.1722
0.8597,333.1344,20000000,0.1747
0.8597,333.1344,25000000,0.177
0.8597,333.1344,30000000,0.1792
0.0891,353.1291,100000,0.5031
0.0891,353.1291,5000000,0.5088
0.0891,353.1291,10000000,0.5143
0.0891,353.1291,15000000,0.5197
0.0891,353.1291,20000000,0.5246
0.0891,353.1291,25000000,0.5289
0.0891,353.1291,30000000,0.5331
0.2068,353.1291,100000,0.3726
0.2068,353.1291,5000000,0.378
0.2068,353.1291,10000000,0.3836
0.2068,353.1291,15000000,0.3891
0.2068,353.1291,20000000,0.3942
0.2068,353.1291,25000000,0.3987
0.2068,353.1291,30000000,0.4025
0.3697,353.1291,100000,0.2729
0.3697,353.1291,5000000,0.2771
0.3697,353.1291,10000000,0.2817
0.3697,353.1291,15000000,0.2864
0.3697,353.1291,20000000,0.2909
0.3697,353.1291,25000000,0.2949
0.3697,353.1291,30000000,0.2985
0.61,353.1291,100000,0.1989
0.61,353.1291,5000000,0.202
0.61,353.1291,10000000,0.2054
0.61,353.1291,15000000,0.2089
0.61,353.1291,20000000,0.2123
0.61,353.1291,25000000,0.2155
0.61,353.1291,30000000,0.2183
0.8597,353.1291,100000,0.1596
0.8597,353.1291,5000000,0.1626
0.8597,353.1291,10000000,0.1654
0.8597,353.1291,15000000,0.1682
0.8597,353.1291,20000000,0.1709
0.8597,353.1291,25000000,0.1734
0.8597,353.1291,30000000,0.1757
0.0891,373.0744,5000000,0.5132
0.0891,373.0744,10000000,0.5186
0.0891,373.0744,15000000,0.5239
0.0891,373.0744,20000000,0.5288
0.0891,373.0744,25000000,0.5331
0.0891,373.0744,30000000,0.5373
0.2068,373.0744,5000000,0.3784
0.2068,373.0744,10000000,0.3839
0.2068,373.0744,15000000,0.3894
0.2068,373.0744,20000000,0.3945
0.2068,373.0744,25000000,0.3991
0.2068,373.0744,30000000,0.4029
0.3697,373.0744,5000000,0.2752
0.3697,373.0744,10000000,0.2798
0.3697,373.0744,15000000,0.2844
0.3697,373.0744,20000000,0.289
0.3697,373.0744,25000000,0.2931
0.3697,373.0744,30000000,0.2968
0.61,373.0744,5000000,0.1988
0.61,373.0744,10000000,0.2022
0.61,373.0744,15000000,0.2058
0.61,373.0744,20000000,0.2093
0.61,373.0744,25000000,0.2126
0.61,373.0744,30000000,0.2155
0.8597,373.0744,5000000,0.1588
0.8597,373.0744,10000000,0.1618
0.8597,373.0744,15000000,0.1647
0.8597,373.0744,20000000,0.1675
0.8597,373.0744,25000000,0.1702
0.8597,373.0744,30000000,0.1726
0.0891,413.1164,5000000,0.5127
0.0891,413.1164,10000000,0.518
0.0891,413.1164,15000000,0.5232
0.0891,413.1164,20000000,0.5281
0.0891,413.1164,25000000,0.5326
0.0891,413.1164,30000000,0.5368
0.2068,413.1164,5000000,0.374
0.2068,413.1164,10000000,0.3794
0.2068,413.1164,15000000,0.3848
0.2068,413.1164,20000000,0.39
0.2068,413.1164,25000000,0.3947
0.2068,413.1164,30000000,0.3986
0.3697,413.1164,5000000,0.2691
0.3697,413.1164,10000000,0.2736
0.3697,413.1164,15000000,0.2783
0.3697,413.1164,20000000,0.2829
0.3697,413.1164,25000000,0.2872
0.3697,413.1164,30000000,0.2911
0.61,413.1164,5000000,0.1921
0.61,413.1164,10000000,0.1956
0.61,413.1164,15000000,0.1994
0.61,413.1164,20000000,0.2031
0.61,413.1164,25000000,0.2066
0.61,413.1164,30000000,0.2097
0.8597,413.1164,5000000,0.1519
0.8597,413.1164,10000000,0.1551
0.8597,413.1164,15000000,0.1583
0.8597,413.1164,20000000,0.1615
0.8597,413.1164,25000000,0.1645
0.8597,413.1164,30000000,0.1672
0.0891,453.111,5000000,0.5006
0.0891,453.111,10000000,0.5062
0.0891,453.111,15000000,0.5116
0.0891,453.111,20000000,0.5169
0.0891,453.111,25000000,0.5217
0.0891,453.111,30000000,0.5263
0.2068,453.111,5000000,0.3627
0.2068,453.111,10000000,0.3683
0.2068,453.111,15000000,0.3739
0.2068,453.111,20000000,0.3792
0.2068,453.111,25000000,0.3842
0.2068,453.111,30000000,0.3885
0.3697,453.111,5000000,0.2594
0.3697,453.111,10000000,0.264
0.3697,453.111,15000000,0.2689
0.3697,453.111,20000000,0.2737
0.3697,453.111,25000000,0.2781
0.3697,453.111,30000000,0.2822
0.61,453.111,5000000,0.1841
0.61,453.111,10000000,0.1878
0.61,453.111,15000000,0.1917
0.61,453.111,20000000,0.1957
0.61,453.111,25000000,0.1995
0.61,453.111,30000000,0.2028
0.8597,453.111,5000000,0.1445
0.8597,453.111,10000000,0.148
0.8597,453.111,15000000,0.1516
0.8597,453.111,20000000,0.1552
0.8597,453.111,25000000,0.1586
0.8597,453.111,30000000,0.1615
0.0891,493.11,5000000,0.4772
0.0891,493.11,10000000,0.4837
0.0891,493.11,15000000,0.4901
0.0891,493.11,20000000,0.4961
0.0891,493.11,25000000,0.5018
0.0891,493.11,30000000,0.5068
0.2068,493.11,5000000,0.3442
0.2068,493.11,10000000,0.3504
0.2068,493.11,15000000,0.3566
0.2068,493.11,20000000,0.3625
0.2068,493.11,25000000,0.368
0.2068,493.11,30000000,0.3728
0.3697,493.11,5000000,0.2451
0.3697,493.11,10000000,0.2505
0.3697,493.11,15000000,0.2557
0.3697,493.11,20000000,0.2609
0.3697,493.11,25000000,0.2657
0.3697,493.11,30000000,0.27
0.61,493.11,5000000,0.1735
0.61,493.11,10000000,0.1776
0.61,493.11,15000000,0.182
0.61,493.11,20000000,0.1864
0.61,493.11,25000000,0.1904
0.61,493.11,30000000,0.194
0.8597,493.11,5000000,0.1351
0.8597,493.11,10000000,0.1394
0.8597,493.11,15000000,0.1435
0.8597,493.11,20000000,0.1476
0.8597,493.11,25000000,0.1514
0.8597,493.11,30000000,0.1546
0.3697,503.11,25000000,0.2496
0.3697,503.11,30000000,0.2545
0.61,503.11,15000000,0.1694
0.61,503.11,25000000,0.179
0.0891,533.1103,10000000,0.4497
0.0891,533.1103,15000000,0.4579
0.0891,533.1103,20000000,0.4657
0.0891,533.1103,25000000,0.4728
0.0891,533.1103,30000000,0.4793
0.2068,533.1103,10000000,0.325
0.2068,533.1103,15000000,0.3324
0.2068,533.1103,20000000,0.3395
0.2068,533.1103,25000000,0.346
0.2068,533.1103,30000000,0.3517
0.3697,533.1103,10000000,0.232
0.3697,533.1103,15000000,0.2382
0.3697,533.1103,20000000,0.2441
0.61,533.1103,10000000,0.1643
0.61,533.1103,20000000,0.1744
0.61,533.1103,30000000,0.183
0.8597,533.1103,10000000,0.1285
0.8597,533.1103,15000000,0.1333
0.8597,533.1103,20000000,0.1381
0.8597,533.1103,25000000,0.1424
0.8597,533.1103,30000000,0.146
0.0891,573.111,15000000,0.4117
0.0891,573.111,20000000,0.422
0.0891,573.111,25000000,0.4329
0.0891,573.111,30000000,0.4419
0.2068,573.111,15000000,0.2989
0.2068,573.111,20000000,0.3082
0.2068,573.111,25000000,0.3167
0.2068,573.111,30000000,0.3242
0.3697,573.111,15000000,0.2146
0.3697,573.111,20000000,0.2221
0.3697,573.111,25000000,0.2289
0.3697,573.111,30000000,0.235
0.61,573.111,15000000,0.153
0.61,573.111,20000000,0.1592
0.61,573.111,25000000,0.1648
0.61,573.111,30000000,0.1696
0.8597,573.111,15000000,0.1201
0.8597,573.111,20000000,0.1262
0.8597,573.111,25000000,0.1314
0.8597,573.111,30000000,0.1357
1,305.7323,101325,0.1607
0.2811,302.1134,101325,0.3115
0.2811,305.7923,101325,0.3145
0.2811,310.121,101325,0.3159
0.2811,315.5593,101325,0.3185
0.2811,320.058,101325,0.3206
0.2811,325.4963,101325,0.3229
0.2811,333.1444,101325,0.3261
0.2811,336.1538,101325,0.3268
0.2811,339.0132,101325,0.3288
0.1153,301.5135,101325,0.4349
0.1153,306.1621,101325,0.4405
0.1153,310.1909,101325,0.4447
0.1153,315.5593,101325,0.4517
0.1153,319.6581,101325,0.4552
0.1153,322.5272,101325,0.4594
0.1153,327.6257,101325,0.4651
0.1153,332.5945,101325,0.4727
0.5398,300.9737,101325,0.227
0.5398,307.4518,101325,0.2285
0.5398,310.4709,101325,0.2285
0.5398,315.7793,101325,0.2292
0.5398,318.6684,101325,0.2283
0.5398,322.2873,101325,0.2289
0.5398,326.2561,101325,0.2301
0.5398,327.6557,101325,0.2298
0.5398,332.5245,101325,0.2306
0.0417,279.61,100000,0.513
0.0417,289.19,100000,0.527
0.0417,298.94,100000,0.54
0.0417,308.91,100000,0.554
0.0417,318.5,100000,0.564
0.0417,328.31,100000,0.574
0.0417,338.27,100000,0.583
0.089,279.37,100000,0.453
0.089,289.17,100000,0.465
0.089,298.99,100000,0.475
0.089,308.78,100000,0.486
0.089,318.61,100000,0.494
0.089,328.63,100000,0.503
0.089,338.5,100000,0.511
0.1437,279.32,100000,0.401
0.1437,288.97,100000,0.409
0.1437,299.12,100000,0.418
0.1437,309.04,100000,0.426
0.1437,318.77,100000,0.432
0.1437,328.34,100000,0.436
0.1437,338.26,100000,0.441
0.2069,279.49,100000,0.355
0.2069,289.08,100000,0.36
0.2069,299.08,100000,0.365
0.2069,308.84,100000,0.369
0.2069,318.69,100000,0.374
0.2069,328.65,100000,0.379
0.2069,338.71,100000,0.384
0.2796,279.46,100000,0.312
0.2796,289.32,100000,0.317
0.2796,299.13,100000,0.319
0.2796,309.03,100000,0.323
0.2796,318.87,100000,0.325
0.2796,328.66,100000,0.327
0.2796,338.41,100000,0.328
0.3694,279.45,100000,0.274
0.3694,288.96,100000,0.275
0.3694,298.95,100000,0.277
0.3694,308.68,100000,0.278
0.3694,318.67,100000,0.28
0.3694,328.68,100000,0.281
0.3694,338.63,100000,0.283
0.479,279.23,100000,0.24
0.479,289.17,100000,0.241
0.479,299.14,100000,0.241
0.479,308.97,100000,0.241
0.479,318.79,100000,0.241
0.479,328.65,100000,0.24
0.479,338.36,100000,0.24
0.6094,279.65,100000,0.213
0.6094,289.44,100000,0.212
0.6094,299.59,100000,0.212
0.6094,309.4,100000,0.211
0.6094,318.93,100000,0.209
0.6094,328.87,100000,0.208
0.6094,338.51,100000,0.207
0.7776,279.9,100000,0.191
0.7776,289.62,100000,0.189
0.7776,299.35,100000,0.186
0.7776,309.29,100000,0.184
0.7776,319.24,100000,0.183
0.7776,328.86,100000,0.181
0.7776,338.59,100000,0.179
0.0417,282.71,100000,0.516
0.0417,292.96,100000,0.53
0.0417,302.89,100000,0.546
0.0417,312.7,100000,0.559
0.0417,322.88,100000,0.568
0.0417,333,100000,0.577
0.2069,283.04,100000,0.356
0.2069,293.26,100000,0.362
0.2069,303.05,100000,0.367
0.2069,313.15,100000,0.371
0.2069,322.94,100000,0.375
0.2069,333.13,100000,0.379
0.4771,283.1,100000,0.24
0.4771,293.16,100000,0.24
0.4771,303.19,100000,0.24
0.4771,313.02,100000,0.24
0.4771,323.05,100000,0.239
0.4771,333.14,100000,0.238
0.0891,282.89,100000,0.455
0.0891,292.86,100000,0.467
0.0891,303.04,100000,0.48
0.0891,312.98,100000,0.491
0.0891,323.02,100000,0.499
0.0891,333.09,100000,0.505
0.2817,283.23,100000,0.311
0.2817,293.19,100000,0.314
0.2817,303.43,100000,0.318
0.2817,313.23,100000,0.319
0.2817,323.01,100000,0.321
0.2817,333.26,100000,0.323
0.6106,283.07,100000,0.212
0.6106,293.13,100000,0.211
0.6106,303.12,100000,0.21
0.6106,313.19,100000,0.208
0.6106,323.19,100000,0.207
0.6106,333.26,100000,0.206
0.1435,282.92,100000,0.403
0.1435,292.6,100000,0.412
0.1435,303.05,100000,0.42
0.1435,313.03,100000,0.427
0.1435,323.12,100000,0.434
0.1435,333.14,100000,0.438
0.3697,283.02,100000,0.273
0.3697,293.03,100000,0.274
0.3697,303.15,100000,0.275
0.3697,313,100000,0.276
0.3697,323.33,100000,0.277
0.3697,333.32,100000,0.277
0.7787,282.85,100000,0.189
0.7787,293.16,100000,0.186
0.7787,303.11,100000,0.184
0.7787,313.18,100000,0.182
0.7787,323.15,100000,0.18
0.7787,333.15,100000,0.178
0,283.1,100000,0.585
1,283.54,100000,0.168
